id,ant,com,lift
0,"Injeção Eletrônica e Motor', 'Ferramentas Pneumáticas'",Equipamento Auto Center',1.69280421661045
1,"Ferramentas Manuais', 'Ferramentas Automotivas'",Equipamento Auto Center',1.50708204082543
2,"Ferramentas Manuais', 'Ferramentas Elétricas e Máquinas', 'Ferramentas Automotivas'",Equipamento Auto Center',1.49741633456631
3,"Funilaria e Pintura', 'Ferramentas Elétricas e Máquinas', 'Aditivos e Lubrificantes'","Ferramentas Manuais', 'Ferramentas em Geral'",1.48029146299043
4,"Ferramentas Manuais', 'Ferramentas Automotivas'","Ferramentas Elétricas e Máquinas', 'Equipamento Auto Center'",1.47208650494152
5,"Funilaria e Pintura', 'Aditivos e Lubrificantes'","Ferramentas Manuais', 'Ferramentas em Geral'",1.46675725447059
6,"Funilaria e Pintura', 'Ferramentas Elétricas e Máquinas', 'Ferramentas Manuais', 'Aditivos e Lubrificantes'",Ferramentas em Geral',1.42525744859095
7,"Auto Elétrica', 'Equipamento Auto Center'","Ferramentas Manuais', 'Ferramentas Elétricas e Máquinas'",1.41436536508663
8,"Ferramentas Manuais', 'Aditivos e Lubrificantes', 'Funilaria e Pintura'",Ferramentas em Geral',1.40363463894414
9,Auto Elétrica',"Ferramentas Manuais', 'Ferramentas em Geral'",1.36995811934755
10,"Ferramentas Elétricas e Máquinas', 'Auto Elétrica', 'Equipamento Auto Center'",Ferramentas Manuais',1.36310927110443
11,"Funilaria e Pintura', 'Ferramentas Manuais', 'Aditivos e Lubrificantes'","Ferramentas Elétricas e Máquinas', 'Ferramentas em Geral'",1.36300901459212
12,"Auto Elétrica', 'Equipamento Auto Center'",Ferramentas Manuais',1.35725508902858
13,Ferramentas Automotivas',Equipamento Auto Center',1.35537211633526
14,"Funilaria e Pintura', 'Ferramentas em Geral'","Ferramentas Elétricas e Máquinas', 'EPI'",1.35511949038698
15,"EPI', 'Ferramentas Elétricas e Máquinas', 'Aditivos e Lubrificantes'","Ferramentas Manuais', 'Ferramentas em Geral'",1.35152099075414
16,"Ferramentas Elétricas e Máquinas', 'Ferramentas Automotivas'",Equipamento Auto Center',1.35042858519708
17,"Equipamento Auto Center', 'Ferramentas Automotivas'",Ferramentas Manuais',1.34407754500343
18,"Ferramentas Elétricas e Máquinas', 'Auto Elétrica'","Ferramentas Manuais', 'Ferramentas em Geral'",1.33626203147238
19,"EPI', 'Aditivos e Lubrificantes'","Ferramentas Manuais', 'Ferramentas em Geral'",1.33602192483633
20,"Ferramentas em Geral', 'Ferramentas Automotivas'",Ferramentas Manuais',1.32613202400436
21,Funilaria e Pintura',"Ferramentas Elétricas e Máquinas', 'EPI'",1.32390142039753
22,"Ferramentas Manuais', 'Injeção Eletrônica e Motor'",Equipamento Auto Center',1.32105249428276
23,"Ferramentas Manuais', 'Ferramentas Elétricas e Máquinas', 'Injeção Eletrônica e Motor'",Equipamento Auto Center',1.32095440433992
24,"Ferramentas em Geral', 'Auto Elétrica'","Ferramentas Manuais', 'Ferramentas Elétricas e Máquinas'",1.31884678146057
25,"Ferramentas Elétricas e Máquinas', 'Ferramentas em Geral', 'Ferramentas Automotivas'",Ferramentas Manuais',1.31714884621323
26,"Ferramentas Elétricas e Máquinas', 'Equipamento Auto Center', 'Ferramentas Automotivas'",Ferramentas Manuais',1.31636793604759
27,"Jardinagem', 'Funilaria e Pintura'","Ferramentas Elétricas e Máquinas', 'EPI'",1.31635897425483
28,"Funilaria e Pintura', 'Ferramentas Manuais', 'Ferramentas em Geral'","Ferramentas Elétricas e Máquinas', 'EPI'",1.31329422968015
29,"Ferramentas Elétricas e Máquinas', 'Ferramentas em Geral', 'Auto Elétrica'",Ferramentas Manuais',1.31188845703549
30,"Injeção Eletrônica e Motor', 'Ferramentas em Geral', 'Equipamento Auto Center'",Ferramentas Manuais',1.31146596908578
31,"EPI', 'Ferramentas Elétricas e Máquinas', 'Ferramentas Manuais', 'Aditivos e Lubrificantes'",Ferramentas em Geral',1.31048713504647
32,"Ferramentas em Geral', 'Auto Elétrica'",Ferramentas Manuais',1.30931880654848
33,"Aditivos e Lubrificantes', 'Ferramentas Pneumáticas'","Ferramentas Manuais', 'Ferramentas em Geral'",1.3076646131929
34,"Ferramentas Elétricas e Máquinas', 'Injeção Eletrônica e Motor', 'Ferramentas Pneumáticas'",Ferramentas Manuais',1.30754459401672
35,"Funilaria e Pintura', 'Ferramentas Elétricas e Máquinas', 'Aditivos e Lubrificantes'",Ferramentas em Geral',1.3031540706831
36,"Funilaria e Pintura', 'Aditivos e Lubrificantes'",Ferramentas em Geral',1.29458331789875
37,"Ferramentas Manuais', 'Injeção Eletrônica e Motor', 'Ferramentas em Geral'",Equipamento Auto Center',1.29089859668938
38,"Ferramentas Manuais', 'Funilaria e Pintura'","Ferramentas Elétricas e Máquinas', 'EPI'",1.28648473261784
39,"Ferramentas Manuais', 'EPI', 'Aditivos e Lubrificantes'",Ferramentas em Geral',1.28507289095884
40,"Ferramentas Elétricas e Máquinas', 'Aditivos e Lubrificantes', 'Equipamento Auto Center'","Ferramentas Manuais', 'Ferramentas em Geral'",1.28237987263536
41,"Equipamento Auto Center', 'Ferramentas Automotivas'","Ferramentas Manuais', 'Ferramentas Elétricas e Máquinas'",1.27810223006695
42,"Injeção Eletrônica e Motor', 'Ferramentas Pneumáticas'",Ferramentas Manuais',1.27706788537363
43,Auto Elétrica',"Ferramentas Manuais', 'Ferramentas Elétricas e Máquinas'",1.27636192642284
44,"Ferramentas Manuais', 'Ferramentas Elétricas e Máquinas', 'Ferramentas em Geral', 'Ferramentas Pneumáticas'",Equipamento Auto Center',1.27599226711262
45,"Ferramentas em Geral', 'Ferramentas Elétricas e Máquinas', 'Aditivos e Lubrificantes', 'Equipamento Auto Center'",Ferramentas Manuais',1.27233412853385
46,"Ferramentas Elétricas e Máquinas', 'EPI', 'Auto Elétrica'",Ferramentas Manuais',1.27169253645209
47,"Ferramentas Manuais', 'Ferramentas Elétricas e Máquinas', 'Auto Elétrica'",Equipamento Auto Center',1.26955838105454
48,"Ferramentas em Geral', 'Injeção Eletrônica e Motor', 'EPI'",Ferramentas Manuais',1.26071437147957
49,"EPI', 'Auto Elétrica'",Ferramentas Manuais',1.25891484217043
50,"Ferramentas em Geral', 'Ferramentas Automotivas'","Ferramentas Manuais', 'Ferramentas Elétricas e Máquinas'",1.25809669983619
51,"EPI', 'Ferramentas Automotivas'",Ferramentas Manuais',1.25712345655461
52,"Ferramentas Manuais', 'Auto Elétrica'",Equipamento Auto Center',1.25668519899654
53,"Aditivos e Lubrificantes', 'Equipamento Auto Center'","Ferramentas Manuais', 'Ferramentas em Geral'",1.25547240048932
54,"Funilaria e Pintura', 'Aditivos e Lubrificantes'","Ferramentas Elétricas e Máquinas', 'Ferramentas em Geral'",1.25386686652415
55,"Funilaria e Pintura', 'Ferramentas Manuais', 'EPI'","Ferramentas Elétricas e Máquinas', 'Ferramentas em Geral'",1.25297628467837
56,"Jardinagem', 'Ferramentas Manuais', 'Funilaria e Pintura'",Ferramentas em Geral',1.25268895615905
57,"Aditivos e Lubrificantes', 'Ferramentas em Geral', 'Equipamento Auto Center'",Ferramentas Manuais',1.25038257275604
58,"Jardinagem', 'Ferramentas Elétricas e Máquinas', 'Funilaria e Pintura'",EPI',1.24679721101702
59,Ferramentas Automotivas',"Ferramentas Manuais', 'Ferramentas em Geral'",1.24569249507149
60,"Ferramentas Manuais', 'Ferramentas Elétricas e Máquinas', 'Ferramentas Pneumáticas'",Equipamento Auto Center',1.24294761867331
61,"Funilaria e Pintura', 'Ferramentas Elétricas e Máquinas', 'Ferramentas em Geral'",EPI',1.23964391130345
62,"Aditivos e Lubrificantes', 'Ferramentas em Geral', 'Ferramentas Pneumáticas'",Ferramentas Manuais',1.23952297115272
63,"Equipamento Auto Center', 'Ferramentas Elétricas e Máquinas', 'Ferramentas em Geral', 'Ferramentas Pneumáticas'",Ferramentas Manuais',1.23915362173354
64,"Ferramentas em Geral', 'Ferramentas Elétricas e Máquinas', 'EPI', 'Equipamento Auto Center'",Ferramentas Manuais',1.23899148308597
65,Injeção Eletrônica e Motor',Equipamento Auto Center',1.23763519285112
66,Auto Elétrica',Ferramentas Manuais',1.23737085796387
67,"EPI', 'Auto Elétrica'","Ferramentas Manuais', 'Ferramentas Elétricas e Máquinas'",1.23612513505947
68,"Ferramentas Elétricas e Máquinas', 'Auto Elétrica'",Ferramentas Manuais',1.23597373202844
69,"Funilaria e Pintura', 'Equipamento Auto Center'","Ferramentas Elétricas e Máquinas', 'EPI'",1.23452619125087
70,"Ferramentas Manuais', 'Ferramentas em Geral', 'Ferramentas Pneumáticas'",Equipamento Auto Center',1.2337338330858
71,"Jardinagem', 'Ferramentas Manuais', 'Aditivos e Lubrificantes'",Ferramentas em Geral',1.23221454801087
72,"Funilaria e Pintura', 'Ferramentas em Geral', 'Equipamento Auto Center'","Ferramentas Manuais', 'Ferramentas Elétricas e Máquinas'",1.22930544578676
73,"Equipamento Auto Center', 'Ferramentas em Geral', 'Ferramentas Pneumáticas'",Ferramentas Manuais',1.22693317181506
74,"Ferramentas Elétricas e Máquinas', 'Injeção Eletrônica e Motor'",Equipamento Auto Center',1.22575592531563
75,"Ferramentas Manuais', 'Ferramentas Pneumáticas'",Equipamento Auto Center',1.2216908583608
76,"Funilaria e Pintura', 'Ferramentas Elétricas e Máquinas', 'Ferramentas Manuais', 'Ferramentas em Geral'",EPI',1.22028112449799
77,"Funilaria e Pintura', 'Ferramentas Elétricas e Máquinas', 'Ferramentas em Geral', 'Equipamento Auto Center'",Ferramentas Manuais',1.21957997643603
78,"Ferramentas Manuais', 'Ferramentas Elétricas e Máquinas', 'Aditivos e Lubrificantes'",Ferramentas em Geral',1.21699156430801
79,"Equipamento Auto Center', 'Ferramentas em Geral', 'Ferramentas Pneumáticas'","Ferramentas Manuais', 'Ferramentas Elétricas e Máquinas'",1.21681121300443
80,Aditivos e Lubrificantes',"Ferramentas Manuais', 'Ferramentas em Geral'",1.21676490771923
81,"Ferramentas em Geral', 'EPI', 'Equipamento Auto Center'",Ferramentas Manuais',1.21573852608682
82,"Injeção Eletrônica e Motor', 'EPI'",Equipamento Auto Center',1.21536568379246
83,"Ferramentas em Geral', 'EPI', 'Equipamento Auto Center'","Ferramentas Manuais', 'Ferramentas Elétricas e Máquinas'",1.21501119641715
84,"Funilaria e Pintura', 'Equipamento Auto Center'","Ferramentas Manuais', 'Ferramentas em Geral'",1.21356233368128
85,"Ferramentas Elétricas e Máquinas', 'Ferramentas Automotivas'","Ferramentas Manuais', 'Ferramentas em Geral'",1.21272655262109
86,"Ferramentas Manuais', 'Aditivos e Lubrificantes', 'Ferramentas Pneumáticas'",Ferramentas em Geral',1.21049150723559
87,"Funilaria e Pintura', 'Ferramentas Elétricas e Máquinas', 'Equipamento Auto Center'","Ferramentas Manuais', 'Ferramentas em Geral'",1.2104287970799
88,"Funilaria e Pintura', 'Ferramentas em Geral', 'Equipamento Auto Center'",Ferramentas Manuais',1.21009291259407
89,Ferramentas Automotivas',Ferramentas Manuais',1.20877641517926
90,"Ferramentas Elétricas e Máquinas', 'Aditivos e Lubrificantes', 'Injeção Eletrônica e Motor'",Ferramentas Manuais',1.20862073641484
91,"EPI', 'Aditivos e Lubrificantes', 'Ferramentas em Geral'",Ferramentas Manuais',1.20730224106602
92,"Ferramentas Manuais', 'Aditivos e Lubrificantes'",Ferramentas em Geral',1.20613759171291
93,"Ferramentas Elétricas e Máquinas', 'Injeção Eletrônica e Motor', 'Equipamento Auto Center'",Ferramentas Manuais',1.20584950866303
94,"Funilaria e Pintura', 'Ferramentas Elétricas e Máquinas', 'Ferramentas Manuais', 'EPI'",Ferramentas em Geral',1.20216226566331
95,"Ferramentas em Geral', 'EPI', 'Ferramentas Elétricas e Máquinas', 'Aditivos e Lubrificantes'",Ferramentas Manuais',1.20184074446482
96,"Ferramentas Manuais', 'Funilaria e Pintura'","Ferramentas Elétricas e Máquinas', 'Ferramentas em Geral'",1.20137176588365
97,"Funilaria e Pintura', 'Ferramentas Elétricas e Máquinas'",EPI',1.20103378814944
98,"Ferramentas em Geral', 'Funilaria e Pintura', 'Ferramentas Elétricas e Máquinas', 'Aditivos e Lubrificantes'",Ferramentas Manuais',1.19893262225082
99,"Ferramentas em Geral', 'Ferramentas Elétricas e Máquinas', 'Injeção Eletrônica e Motor'",Equipamento Auto Center',1.19845568045632
100,"Injeção Eletrônica e Motor', 'Ferramentas em Geral'",Ferramentas Manuais',1.19732571110524
101,"Injeção Eletrônica e Motor', 'Equipamento Auto Center'",Ferramentas Manuais',1.19723433558353
102,"Ferramentas Elétricas e Máquinas', 'Aditivos e Lubrificantes'","Ferramentas Manuais', 'Ferramentas em Geral'",1.19642705627865
103,"Funilaria e Pintura', 'Aditivos e Lubrificantes', 'Ferramentas em Geral'",Ferramentas Manuais',1.19583578727597
104,"Aditivos e Lubrificantes', 'EPI', 'Equipamento Auto Center'",Ferramentas Manuais',1.19252208672547
105,"Ferramentas em Geral', 'Ferramentas Elétricas e Máquinas', 'Injeção Eletrônica e Motor'",Ferramentas Manuais',1.19163783399572
106,Funilaria e Pintura',EPI',1.18957423512292
107,"Funilaria e Pintura', 'Ferramentas Elétricas e Máquinas', 'Injeção Eletrônica e Motor'",Ferramentas Manuais',1.18769984364656
108,"Jardinagem', 'Funilaria e Pintura'",EPI',1.18736768958787
109,"Injeção Eletrônica e Motor', 'Aditivos e Lubrificantes'",Ferramentas Manuais',1.18718744934781
110,"Ferramentas Elétricas e Máquinas', 'Ferramentas Automotivas'",Ferramentas Manuais',1.1871520621487
111,"Ferramentas Elétricas e Máquinas', 'Aditivos e Lubrificantes', 'EPI'",Ferramentas em Geral',1.18691380092697
112,"EPI', 'Ferramentas Manuais', 'Aditivos e Lubrificantes'","Ferramentas Elétricas e Máquinas', 'Ferramentas em Geral'",1.1864796232481
113,"Funilaria e Pintura', 'Ferramentas em Geral'",EPI',1.18623460693603
114,"Jardinagem', 'Funilaria e Pintura'","Ferramentas Manuais', 'Ferramentas em Geral'",1.18570943930245
115,"Funilaria e Pintura', 'Injeção Eletrônica e Motor'","Ferramentas Manuais', 'Ferramentas Elétricas e Máquinas'",1.18476933647704
116,"Ferramentas Manuais', 'Ferramentas Elétricas e Máquinas', 'Funilaria e Pintura'",EPI',1.18271195239241
117,"Injeção Eletrônica e Motor', 'Ferramentas em Geral'",Equipamento Auto Center',1.17854837005288
118,"Funilaria e Pintura', 'Ferramentas Manuais', 'Equipamento Auto Center'","Ferramentas Elétricas e Máquinas', 'Ferramentas em Geral'",1.177670716758
119,"Ferramentas Manuais', 'Funilaria e Pintura'",Ferramentas em Geral',1.17762140878498
120,"Ferramentas Manuais', 'Ferramentas Elétricas e Máquinas', 'Aditivos e Lubrificantes', 'Equipamento Auto Center'",Ferramentas em Geral',1.17650326611712
121,"Ferramentas Manuais', 'Aditivos e Lubrificantes', 'Equipamento Auto Center'",Ferramentas em Geral',1.17638286055893
122,"Ferramentas Manuais', 'EPI', 'Funilaria e Pintura'",Ferramentas em Geral',1.17528071418624
123,"Jardinagem', 'Aditivos e Lubrificantes'","Ferramentas Manuais', 'Ferramentas em Geral'",1.17518305844136
124,"Aditivos e Lubrificantes', 'Ferramentas Pneumáticas'",Equipamento Auto Center',1.17380050992815
125,"Funilaria e Pintura', 'EPI'","Ferramentas Elétricas e Máquinas', 'Ferramentas em Geral'",1.17313253028336
126,"Ferramentas em Geral', 'Funilaria e Pintura', 'Aditivos e Lubrificantes'","Ferramentas Manuais', 'Ferramentas Elétricas e Máquinas'",1.1720845335637
127,"Ferramentas Manuais', 'Equipamento Auto Center', 'Funilaria e Pintura'",Ferramentas em Geral',1.17010686155618
128,"Ferramentas Manuais', 'Funilaria e Pintura'",EPI',1.17002317389347
129,"Ferramentas Manuais', 'Auto Elétrica'",Ferramentas em Geral',1.16855918907325
130,"Aditivos e Lubrificantes', 'EPI'",Ferramentas em Geral',1.16799473773877
131,"Ferramentas Manuais', 'Ferramentas em Geral', 'Funilaria e Pintura'",EPI',1.16769758189667
132,"EPI', 'Ferramentas Elétricas e Máquinas', 'Injeção Eletrônica e Motor'",Ferramentas Manuais',1.16751144248432
133,"Ferramentas Manuais', 'Auto Elétrica'","Ferramentas Elétricas e Máquinas', 'Ferramentas em Geral'",1.16615670785187
134,"Ferramentas Manuais', 'Ferramentas Elétricas e Máquinas', 'Funilaria e Pintura'",Ferramentas em Geral',1.16515092446427
135,"Funilaria e Pintura', 'Ferramentas Elétricas e Máquinas', 'Ferramentas Manuais', 'Equipamento Auto Center'",Ferramentas em Geral',1.16319071093052
136,"Ferramentas Elétricas e Máquinas', 'Aditivos e Lubrificantes', 'Ferramentas Pneumáticas'",Ferramentas em Geral',1.16257201582225
137,"Funilaria e Pintura', 'Injeção Eletrônica e Motor'",Ferramentas Manuais',1.16136500084691
138,"Jardinagem', 'Ferramentas em Geral', 'Equipamento Auto Center'",Ferramentas Manuais',1.1610757295044
139,"Ferramentas em Geral', 'EPI', 'Ferramentas Pneumáticas'",Ferramentas Manuais',1.16072429913701
140,"Funilaria e Pintura', 'Ferramentas Elétricas e Máquinas', 'Equipamento Auto Center'",EPI',1.15970813373978
141,"Aditivos e Lubrificantes', 'Ferramentas em Geral'",Ferramentas Manuais',1.15944017710678
142,"Injeção Eletrônica e Motor', 'EPI'",Ferramentas Manuais',1.15915641019922
143,"Ferramentas Elétricas e Máquinas', 'Ferramentas em Geral', 'Ferramentas Pneumáticas'",Equipamento Auto Center',1.15792239316831
144,Ferramentas Automotivas',"Ferramentas Manuais', 'Ferramentas Elétricas e Máquinas'",1.1568620459589
145,"Jardinagem', 'Injeção Eletrônica e Motor'",Ferramentas Manuais',1.15225028309588
146,"Injeção Eletrônica e Motor', 'Ferramentas Pneumáticas'","Ferramentas Manuais', 'Ferramentas Elétricas e Máquinas'",1.15182339274018
147,"Ferramentas Elétricas e Máquinas', 'Auto Elétrica'",Equipamento Auto Center',1.15114821938567
148,"Ferramentas Elétricas e Máquinas', 'Aditivos e Lubrificantes', 'Equipamento Auto Center'",Ferramentas Manuais',1.15044765594525
149,"Ferramentas em Geral', 'Funilaria e Pintura', 'EPI'","Ferramentas Manuais', 'Ferramentas Elétricas e Máquinas'",1.14975484059935
150,"Ferramentas em Geral', 'Aditivos e Lubrificantes', 'Equipamento Auto Center'","Ferramentas Manuais', 'Ferramentas Elétricas e Máquinas'",1.14759380574049
151,"Funilaria e Pintura', 'Ferramentas Pneumáticas'",Equipamento Auto Center',1.14617597274156
152,Auto Elétrica',Equipamento Auto Center',1.14568414990125
153,"Ferramentas Manuais', 'Ferramentas Elétricas e Máquinas', 'Auto Elétrica'",Ferramentas em Geral',1.1411052287922
154,"Aditivos e Lubrificantes', 'Ferramentas Pneumáticas'",Ferramentas Manuais',1.14019184990069
155,"Ferramentas em Geral', 'Equipamento Auto Center'",Ferramentas Manuais',1.1397187012567
156,"Ferramentas Elétricas e Máquinas', 'Aditivos e Lubrificantes', 'Ferramentas em Geral'",Ferramentas Manuais',1.13953067436049
157,Ferramentas Pneumáticas',Equipamento Auto Center',1.13585239793526
158,"Equipamento Auto Center', 'Ferramentas Elétricas e Máquinas', 'Ferramentas Pneumáticas'",Ferramentas Manuais',1.13573502766978
159,"Jardinagem', 'Ferramentas em Geral', 'Funilaria e Pintura'",Ferramentas Manuais',1.13328218357189
160,"Ferramentas Elétricas e Máquinas', 'EPI', 'Ferramentas Pneumáticas'",Equipamento Auto Center',1.13033278027185
161,"Ferramentas Elétricas e Máquinas', 'Ferramentas em Geral', 'Equipamento Auto Center'",Ferramentas Manuais',1.13030743634124
162,"Ferramentas Elétricas e Máquinas', 'Ferramentas Pneumáticas'",Equipamento Auto Center',1.12889520915204
163,"Ferramentas Elétricas e Máquinas', 'Aditivos e Lubrificantes', 'Ferramentas Pneumáticas'",Ferramentas Manuais',1.12672548248355
164,"Aditivos e Lubrificantes', 'Equipamento Auto Center'",Ferramentas Manuais',1.12642372532348
165,Funilaria e Pintura',"Ferramentas Elétricas e Máquinas', 'Ferramentas em Geral'",1.12574927338794
166,"Ferramentas em Geral', 'EPI', 'Aditivos e Lubrificantes'","Ferramentas Manuais', 'Ferramentas Elétricas e Máquinas'",1.12510036788228
167,"Ferramentas em Geral', 'Ferramentas Pneumáticas'",Equipamento Auto Center',1.12507627635772
168,"Jardinagem', 'Aditivos e Lubrificantes', 'Ferramentas em Geral'",Ferramentas Manuais',1.12454034542992
169,"Ferramentas Elétricas e Máquinas', 'Ferramentas em Geral', 'Ferramentas Pneumáticas'",Ferramentas Manuais',1.12449249432187
170,Ferramentas Para Motos',Ferramentas Manuais',1.12400253659568
171,"Equipamento Auto Center', 'Ferramentas Pneumáticas'",Ferramentas Manuais',1.1238326271739
172,Injeção Eletrônica e Motor',Ferramentas Manuais',1.12163547945337
173,"Ferramentas Manuais', 'Ferramentas Elétricas e Máquinas', 'EPI', 'Equipamento Auto Center'",Ferramentas em Geral',1.12069309004485
174,"Ferramentas Manuais', 'Equipamento Auto Center', 'Funilaria e Pintura'",EPI',1.11960793172691
175,"Ferramentas Elétricas e Máquinas', 'Injeção Eletrônica e Motor'",Ferramentas Manuais',1.11894640377178
176,"Ferramentas em Geral', 'Ferramentas Pneumáticas'",Ferramentas Manuais',1.11887456375645
177,"Funilaria e Pintura', 'Equipamento Auto Center'","Ferramentas Manuais', 'Ferramentas Elétricas e Máquinas'",1.11865343114986
178,"EPI', 'Ferramentas Pneumáticas'",Equipamento Auto Center',1.11813280043224
179,"Funilaria e Pintura', 'Equipamento Auto Center'",EPI',1.11775936459593
180,"Funilaria e Pintura', 'Ferramentas em Geral'","Ferramentas Manuais', 'Ferramentas Elétricas e Máquinas'",1.11767604532296
181,"Funilaria e Pintura', 'Ferramentas Elétricas e Máquinas', 'Aditivos e Lubrificantes'",EPI',1.11686746987952
182,"Funilaria e Pintura', 'Ferramentas Elétricas e Máquinas', 'Ferramentas Pneumáticas'",Ferramentas em Geral',1.11660296927826
183,"EPI', 'Auto Elétrica'",Ferramentas em Geral',1.1148389835448
184,"Jardinagem', 'Ferramentas Elétricas e Máquinas', 'Aditivos e Lubrificantes'",Ferramentas em Geral',1.11419649736171
185,"Ferramentas Manuais', 'Para Você e Sua Casa'",Equipamento Auto Center',1.11349098387191
186,"Aditivos e Lubrificantes', 'Ferramentas Pneumáticas'",Ferramentas em Geral',1.11348686796865
187,"Funilaria e Pintura', 'Ferramentas Elétricas e Máquinas', 'EPI'",Ferramentas em Geral',1.11202203401968
188,"Injeção Eletrônica e Motor', 'Ferramentas em Geral'","Ferramentas Manuais', 'Ferramentas Elétricas e Máquinas'",1.10867817021848
189,"Ferramentas Elétricas e Máquinas', 'Aditivos e Lubrificantes'",Ferramentas em Geral',1.10816266226282
190,Aditivos e Lubrificantes',Ferramentas em Geral',1.10764766947747
191,Auto Elétrica',Ferramentas em Geral',1.10434607609189
192,"Jardinagem', 'Funilaria e Pintura'",Ferramentas em Geral',1.10429097725059
193,"Funilaria e Pintura', 'Ferramentas Pneumáticas'","Ferramentas Elétricas e Máquinas', 'Ferramentas em Geral'",1.10324726075879
194,"Jardinagem', 'Aditivos e Lubrificantes'",Ferramentas em Geral',1.10299562126555
195,"Funilaria e Pintura', 'Aditivos e Lubrificantes'",Ferramentas Manuais',1.10292879514453
196,"Jardinagem', 'Funilaria e Pintura'","Ferramentas Elétricas e Máquinas', 'Ferramentas em Geral'",1.10263138559375
197,"Jardinagem', 'Ferramentas Elétricas e Máquinas', 'Funilaria e Pintura'",Ferramentas em Geral',1.10174794086214
198,Auto Elétrica',"Ferramentas Elétricas e Máquinas', 'Ferramentas em Geral'",1.09991693148647
199,"Funilaria e Pintura', 'Ferramentas Elétricas e Máquinas', 'Equipamento Auto Center'",Ferramentas Manuais',1.09832692368505
200,"Ferramentas Manuais', 'Aditivos e Lubrificantes'","Ferramentas Elétricas e Máquinas', 'Ferramentas em Geral'",1.09739354049921
201,"Aditivos e Lubrificantes', 'EPI'",Ferramentas Manuais',1.09730947897686
202,"Ferramentas em Geral', 'Equipamento Auto Center'","Ferramentas Manuais', 'Ferramentas Elétricas e Máquinas'",1.09651564897015
203,"Funilaria e Pintura', 'EPI', 'Equipamento Auto Center'",Ferramentas Manuais',1.09647193357823
204,"Funilaria e Pintura', 'Ferramentas Elétricas e Máquinas', 'Aditivos e Lubrificantes'",Ferramentas Manuais',1.09621874188803
205,"Funilaria e Pintura', 'Aditivos e Lubrificantes'",EPI',1.09531912154406
206,"Ferramentas Elétricas e Máquinas', 'Lava Jato e Posto'",Equipamento Auto Center',1.09466167309659
207,"Funilaria e Pintura', 'Equipamento Auto Center'",Ferramentas Manuais',1.09466156593165
208,"Jardinagem', 'Ferramentas Elétricas e Máquinas', 'Ferramentas Manuais', 'EPI'",Ferramentas em Geral',1.08854761829137
209,"Ferramentas Elétricas e Máquinas', 'Aditivos e Lubrificantes', 'EPI'",Ferramentas Manuais',1.0885123004821
210,"Ferramentas Manuais', 'Ferramentas Automotivas'",Ferramentas em Geral',1.08769761916272
211,"Funilaria e Pintura', 'Auto Elétrica'",Ferramentas Elétricas e Máquinas',1.08757733030864
212,Funilaria e Pintura',Ferramentas em Geral',1.08640423283381
213,"Injeção Eletrônica e Motor', 'Equipamento Auto Center'","Ferramentas Manuais', 'Ferramentas Elétricas e Máquinas'",1.08634132690247
214,"Funilaria e Pintura', 'Ferramentas em Geral'",Ferramentas Manuais',1.08542913887783
215,"Ferramentas Elétricas e Máquinas', 'EPI', 'Equipamento Auto Center'",Ferramentas Manuais',1.08516011632455
216,"Ferramentas em Geral', 'EPI'",Ferramentas Manuais',1.08386519306893
217,"Funilaria e Pintura', 'EPI'",Ferramentas em Geral',1.08335424562729
218,"Aditivos e Lubrificantes', 'EPI'","Ferramentas Elétricas e Máquinas', 'Ferramentas em Geral'",1.08328440619043
219,Construção Civil',EPI',1.08182345030294
220,"Ferramentas Manuais', 'Ferramentas Elétricas e Máquinas', 'Ferramentas Automotivas'",Ferramentas em Geral',1.07820127985864
221,"Funilaria e Pintura', 'Ferramentas Elétricas e Máquinas'",Ferramentas em Geral',1.07738683975787
222,"Ferramentas Elétricas e Máquinas', 'Auto Elétrica'",Ferramentas em Geral',1.07507317463142
223,"Ferramentas em Geral', 'Ferramentas Pneumáticas'","Ferramentas Manuais', 'Ferramentas Elétricas e Máquinas'",1.07289476891204
224,"EPI', 'Equipamento Auto Center'",Ferramentas Manuais',1.07258303496092
225,"Funilaria e Pintura', 'Injeção Eletrônica e Motor'",Ferramentas em Geral',1.07246200270357
226,"Ferramentas em Geral', 'Ferramentas Elétricas e Máquinas', 'EPI'",Ferramentas Manuais',1.07110261740751
227,"EPI', 'Ferramentas Pneumáticas'",Ferramentas Manuais',1.07072850449294
228,"Jardinagem', 'Ferramentas Manuais', 'Equipamento Auto Center'",Ferramentas em Geral',1.07044172920754
229,"Ferramentas Manuais', 'Aditivos e Lubrificantes', 'Equipamento Auto Center'","Ferramentas Elétricas e Máquinas', 'Ferramentas em Geral'",1.06967349256571
230,"Funilaria e Pintura', 'Ferramentas Elétricas e Máquinas', 'Ferramentas em Geral'",Ferramentas Manuais',1.06861921416151
231,"Ferramentas em Geral', 'EPI', 'Funilaria e Pintura'",Ferramentas Manuais',1.06846737852437
232,"Ferramentas em Geral', 'EPI', 'Funilaria e Pintura'",Ferramentas Elétricas e Máquinas',1.06790895026287
233,"Injeção Eletrônica e Motor', 'EPI'","Ferramentas Manuais', 'Ferramentas Elétricas e Máquinas'",1.06700699968645
234,"Aditivos e Lubrificantes', 'Ferramentas Pneumáticas'","Ferramentas Elétricas e Máquinas', 'Ferramentas em Geral'",1.06527502945826
235,"Aditivos e Lubrificantes', 'Ferramentas em Geral'","Ferramentas Manuais', 'Ferramentas Elétricas e Máquinas'",1.06477201867375
236,Aditivos e Lubrificantes',Ferramentas Manuais',1.0647634390095
237,"Funilaria e Pintura', 'Aditivos e Lubrificantes'","Ferramentas Manuais', 'Ferramentas Elétricas e Máquinas'",1.06462245527558
238,Construção Civil',Ferramentas em Geral',1.06392089592911
239,"Ferramentas Elétricas e Máquinas', 'Aditivos e Lubrificantes', 'Equipamento Auto Center'",Ferramentas em Geral',1.06379715387817
240,"Ferramentas Elétricas e Máquinas', 'EPI', 'Ferramentas Pneumáticas'",Ferramentas Manuais',1.06350969606101
241,"Ferramentas Manuais', 'EPI', 'Ferramentas Pneumáticas'",Ferramentas em Geral',1.0626196196185
242,"Ferramentas Manuais', 'Ferramentas Elétricas e Máquinas', 'EPI'",Ferramentas em Geral',1.06237745342629
243,"Ferramentas Manuais', 'Ferramentas Elétricas e Máquinas', 'Para Você e Sua Casa'",Ferramentas em Geral',1.06209654818378
244,"Ferramentas Manuais', 'Para Você e Sua Casa'",Ferramentas em Geral',1.06043581790611
245,"Aditivos e Lubrificantes', 'Equipamento Auto Center'",Ferramentas em Geral',1.05976010308329
246,"Funilaria e Pintura', 'Equipamento Auto Center'",Ferramentas em Geral',1.05848980359092
247,"Ferramentas em Geral', 'EPI'","Ferramentas Manuais', 'Ferramentas Elétricas e Máquinas'",1.05844895513653
248,"Equipamento Auto Center', 'Ferramentas Elétricas e Máquinas', 'Ferramentas Manuais', 'Ferramentas Pneumáticas'",Ferramentas em Geral',1.05717592049314
249,"Funilaria e Pintura', 'Equipamento Auto Center'","Ferramentas Elétricas e Máquinas', 'Ferramentas em Geral'",1.05704496291046
250,"Equipamento Auto Center', 'Para Você e Sua Casa'",Ferramentas Manuais',1.05607986097353
251,Ferramentas Manuais',Ferramentas em Geral',1.05546371523662
252,Ferramentas em Geral',Ferramentas Manuais',1.05546371523662
253,"Funilaria e Pintura', 'Ferramentas Pneumáticas'",Ferramentas em Geral',1.05421089585038
254,"Injeção Eletrônica e Motor', 'Aditivos e Lubrificantes'","Ferramentas Manuais', 'Ferramentas Elétricas e Máquinas'",1.05415055914502
255,Equipamento Auto Center',Ferramentas Manuais',1.05362231027664
256,"Ferramentas Elétricas e Máquinas', 'EPI', 'Ferramentas Pneumáticas'",Ferramentas em Geral',1.05253558579508
257,"Jardinagem', 'Ferramentas Manuais'",Ferramentas em Geral',1.05239153944688
258,"Ferramentas em Geral', 'Funilaria e Pintura', 'Ferramentas Elétricas e Máquinas', 'EPI'",Ferramentas Manuais',1.0519277708919
259,"Ferramentas em Geral', 'Funilaria e Pintura', 'Ferramentas Manuais', 'EPI'",Ferramentas Elétricas e Máquinas',1.05137798696014
260,"Jardinagem', 'Ferramentas Elétricas e Máquinas', 'Ferramentas Manuais'",Ferramentas em Geral',1.04887305033299
261,"Funilaria e Pintura', 'Ferramentas Elétricas e Máquinas', 'Equipamento Auto Center'",Ferramentas em Geral',1.04754399045543
262,"Injeção Eletrônica e Motor', 'Aditivos e Lubrificantes'",Ferramentas em Geral',1.04740503878778
263,"Ferramentas Manuais', 'EPI', 'Equipamento Auto Center'",Ferramentas em Geral',1.04649909353717
264,"Ferramentas em Geral', 'Jardinagem', 'Ferramentas Elétricas e Máquinas', 'EPI'",Ferramentas Manuais',1.04549795899907
265,Ferramentas Pneumáticas',Ferramentas Manuais',1.04486988317659
266,"Jardinagem', 'EPI', 'Ferramentas em Geral'",Ferramentas Manuais',1.04295866739669
267,"Ferramentas Elétricas e Máquinas', 'Construção Civil'",Ferramentas Manuais',1.04232517142622
268,Funilaria e Pintura',"Ferramentas Manuais', 'Ferramentas Elétricas e Máquinas'",1.04213794203023
269,"Aditivos e Lubrificantes', 'Ferramentas Pneumáticas'","Ferramentas Manuais', 'Ferramentas Elétricas e Máquinas'",1.04208402148522
270,"Ferramentas Manuais', 'Ferramentas Elétricas e Máquinas'",Ferramentas em Geral',1.04159125349181
271,Ferramentas em Geral',"Ferramentas Manuais', 'Ferramentas Elétricas e Máquinas'",1.04159125349181
272,"Ferramentas Manuais', 'Injeção Eletrônica e Motor', 'EPI'",Ferramentas em Geral',1.04126993536893
273,"Funilaria e Pintura', 'Ferramentas Pneumáticas'",EPI',1.04111846228846
274,"Funilaria e Pintura', 'EPI'",Ferramentas Elétricas e Máquinas',1.04037839163013
275,"Ferramentas Elétricas e Máquinas', 'Equipamento Auto Center'",Ferramentas Manuais',1.03985251840425
276,"Jardinagem', 'Ferramentas Manuais'",EPI',1.03797762478485
277,"Equipamento Auto Center', 'Ferramentas Pneumáticas'","Ferramentas Manuais', 'Ferramentas Elétricas e Máquinas'",1.03770095005005
278,"Ferramentas Elétricas e Máquinas', 'Aditivos e Lubrificantes'",Ferramentas Manuais',1.0376286762082
279,"Jardinagem', 'EPI', 'Funilaria e Pintura'",Ferramentas Elétricas e Máquinas',1.03637358777951
280,"Ferramentas Manuais', 'EPI', 'Equipamento Auto Center'","Ferramentas Elétricas e Máquinas', 'Ferramentas em Geral'",1.03618241835721
281,"Funilaria e Pintura', 'EPI'","Ferramentas Manuais', 'Ferramentas Elétricas e Máquinas'",1.03612617328873
282,"Ferramentas Manuais', 'Auto Elétrica'",EPI',1.03519685271699
283,"Aditivos e Lubrificantes', 'Equipamento Auto Center'","Ferramentas Manuais', 'Ferramentas Elétricas e Máquinas'",1.0337192975954
284,"Funilaria e Pintura', 'EPI', 'Equipamento Auto Center'",Ferramentas Elétricas e Máquinas',1.03247421813528
285,"Funilaria e Pintura', 'Ferramentas em Geral', 'Ferramentas Pneumáticas'",Ferramentas Elétricas e Máquinas',1.03205536449709
286,"Ferramentas Elétricas e Máquinas', 'Ferramentas em Geral'",Ferramentas Manuais',1.03194033141411
287,Ferramentas Manuais',"Ferramentas Elétricas e Máquinas', 'Ferramentas em Geral'",1.03194033141411
288,"Ferramentas Elétricas e Máquinas', 'Ferramentas Pneumáticas'",Ferramentas Manuais',1.03152040547862
289,Funilaria e Pintura',Ferramentas Elétricas e Máquinas',1.03045171723998
290,"Ferramentas Manuais', 'Ferramentas Elétricas e Máquinas', 'Ferramentas Pneumáticas'",Ferramentas em Geral',1.02979800643239
291,"Ferramentas Manuais', 'Para Você e Sua Casa'",EPI',1.02827713267557
292,"Ferramentas Manuais', 'EPI', 'Funilaria e Pintura'",Ferramentas Elétricas e Máquinas',1.02786812287143
293,"Jardinagem', 'Equipamento Auto Center'",Ferramentas Manuais',1.02754696391873
294,"Ferramentas em Geral', 'Auto Elétrica'",EPI',1.02714895096479
295,Construção Civil',"Ferramentas Manuais', 'Ferramentas Elétricas e Máquinas'",1.02625801860781
296,Aditivos e Lubrificantes',"Ferramentas Elétricas e Máquinas', 'Ferramentas em Geral'",1.02539101967088
297,"Ferramentas Manuais', 'EPI'",Ferramentas em Geral',1.02463814360069
298,"Jardinagem', 'Ferramentas Elétricas e Máquinas', 'Equipamento Auto Center'",Ferramentas Manuais',1.02298816320219
299,"Ferramentas Manuais', 'Ferramentas Automotivas'","Ferramentas Elétricas e Máquinas', 'Ferramentas em Geral'",1.02233375487625
300,"Ferramentas Elétricas e Máquinas', 'Ferramentas em Geral', 'Para Você e Sua Casa'",Ferramentas Manuais',1.02211126609675
301,"Funilaria e Pintura', 'Ferramentas em Geral'",Ferramentas Elétricas e Máquinas',1.02189874229814
302,"Jardinagem', 'Ferramentas Elétricas e Máquinas', 'Ferramentas Manuais', 'Ferramentas em Geral'",EPI',1.01912626289913
303,"Funilaria e Pintura', 'Ferramentas Elétricas e Máquinas', 'Ferramentas Pneumáticas'",Ferramentas Manuais',1.01879272302501
304,Construção Civil',Ferramentas Manuais',1.01867926750813
305,"Ferramentas Manuais', 'Auto Elétrica', 'Equipamento Auto Center'",Ferramentas Elétricas e Máquinas',1.01815766345293
306,Injeção Eletrônica e Motor',"Ferramentas Manuais', 'Ferramentas Elétricas e Máquinas'",1.01782033748162
307,Auto Elétrica',EPI',1.01748138547604
308,"Ferramentas Manuais', 'Funilaria e Pintura'",Ferramentas Elétricas e Máquinas',1.016840593378
309,"Funilaria e Pintura', 'Ferramentas Pneumáticas'","Ferramentas Manuais', 'Ferramentas Elétricas e Máquinas'",1.01602092340085
310,"Ferramentas em Geral', 'Para Você e Sua Casa'",Ferramentas Manuais',1.01598676683633
311,"EPI', 'Ferramentas Pneumáticas'","Ferramentas Manuais', 'Ferramentas Elétricas e Máquinas'",1.0144579049286
312,"Auto Elétrica', 'Equipamento Auto Center'",Ferramentas Elétricas e Máquinas',1.01378495433112
313,Jardinagem',EPI',1.01328135191669
314,"Jardinagem', 'Ferramentas Manuais', 'EPI'",Ferramentas em Geral',1.01266639912341
315,Equipamento Auto Center',"Ferramentas Manuais', 'Ferramentas Elétricas e Máquinas'",1.01231711215487
316,"Ferramentas Manuais', 'Ferramentas Elétricas e Máquinas', 'Ferramentas em Geral', 'Equipamento Auto Center'",EPI',1.01128779769361
317,"Ferramentas Manuais', 'Ferramentas Elétricas e Máquinas', 'Equipamento Auto Center'",Ferramentas em Geral',1.00942689390179
318,Auto Elétrica',Ferramentas Elétricas e Máquinas',1.00897289682242
319,"Jardinagem', 'Ferramentas em Geral'",Ferramentas Manuais',1.00862457683002
320,"Ferramentas Manuais', 'Equipamento Auto Center'",Ferramentas em Geral',1.00806684646137
321,"Ferramentas Manuais', 'Auto Elétrica'",Ferramentas Elétricas e Máquinas',1.00783365696298
322,"Jardinagem', 'Aditivos e Lubrificantes'",Ferramentas Manuais',1.00661291408053
323,"Ferramentas em Geral', 'Jardinagem', 'EPI'","Ferramentas Manuais', 'Ferramentas Elétricas e Máquinas'",1.00624193001036
324,"Ferramentas Manuais', 'Ferramentas em Geral', 'Funilaria e Pintura'",Ferramentas Elétricas e Máquinas',1.00607270602322
325,Ferramentas Manuais',EPI',1.00366089919946
326,EPI',Ferramentas Manuais',1.00366089919946
327,"Aditivos e Lubrificantes', 'EPI'","Ferramentas Manuais', 'Ferramentas Elétricas e Máquinas'",1.00276551670829
328,"Ferramentas Manuais', 'Para Você e Sua Casa'","Ferramentas Elétricas e Máquinas', 'Ferramentas em Geral'",1.0021947858674
329,"Lava Jato e Posto', 'Equipamento Auto Center'",Ferramentas Elétricas e Máquinas',1.00157271660055
330,Funilaria e Pintura',Ferramentas Manuais',1.00135306824517
331,"EPI', 'Equipamento Auto Center'","Ferramentas Manuais', 'Ferramentas Elétricas e Máquinas'",1.0009748973878
332,"Ferramentas em Geral', 'EPI', 'Ferramentas Pneumáticas'",Ferramentas Elétricas e Máquinas',1.00072822021219
333,"Funilaria e Pintura', 'Ferramentas Pneumáticas'",Ferramentas Manuais',0.99998599552557
334,"Ferramentas Elétricas e Máquinas', 'Injeção Eletrônica e Motor', 'EPI'",Ferramentas em Geral',0.999306340854759
335,"Jardinagem', 'Funilaria e Pintura'",Ferramentas Manuais',0.999029554658574
336,"Jardinagem', 'Ferramentas Manuais', 'Ferramentas em Geral'",EPI',0.998796573577547
337,"Ferramentas Manuais', 'Equipamento Auto Center', 'Funilaria e Pintura'",Ferramentas Elétricas e Máquinas',0.998459812267369
338,"Ferramentas Manuais', 'Injeção Eletrônica e Motor', 'Funilaria e Pintura'",Ferramentas Elétricas e Máquinas',0.996735604343189
339,Para Você e Sua Casa',EPI',0.996708635976866
340,"Funilaria e Pintura', 'Equipamento Auto Center'",Ferramentas Elétricas e Máquinas',0.995127732960718
341,"EPI', 'Ferramentas Pneumáticas'","Ferramentas Elétricas e Máquinas', 'Ferramentas em Geral'",0.994687423652753
342,"Ferramentas Pneumáticas', 'Ferramentas Manuais', 'Funilaria e Pintura'",Ferramentas Elétricas e Máquinas',0.992712828439135
343,"Funilaria e Pintura', 'Ferramentas Manuais', 'Ferramentas em Geral', 'Equipamento Auto Center'",Ferramentas Elétricas e Máquinas',0.992558215855801
344,"Jardinagem', 'Ferramentas Elétricas e Máquinas', 'EPI'",Ferramentas em Geral',0.992374532227783
345,Ferramentas Automotivas',Ferramentas em Geral',0.991442183049336
346,"Jardinagem', 'Funilaria e Pintura'","Ferramentas Manuais', 'Ferramentas Elétricas e Máquinas'",0.99138318147014
347,"Ferramentas Manuais', 'EPI'","Ferramentas Elétricas e Máquinas', 'Ferramentas em Geral'",0.991339543071507
348,"Jardinagem', 'Ferramentas Elétricas e Máquinas', 'Ferramentas em Geral'",Ferramentas Manuais',0.990369560743576
349,"Jardinagem', 'Ferramentas Pneumáticas'",Ferramentas Manuais',0.988659193520542
350,"Lava Jato e Posto', 'Ferramentas em Geral'",Ferramentas Elétricas e Máquinas',0.98834387417169
351,"Funilaria e Pintura', 'Ferramentas Elétricas e Máquinas'",Ferramentas Manuais',0.988126305250426
352,"Ferramentas Elétricas e Máquinas', 'EPI'",Ferramentas Manuais',0.988009234127212
353,Jardinagem',Ferramentas em Geral',0.987015879190895
354,"Jardinagem', 'Funilaria e Pintura'",Ferramentas Elétricas e Máquinas',0.986974065708627
355,Ferramentas em Geral',Ferramentas Elétricas e Máquinas',0.986183287348803
356,Ferramentas Elétricas e Máquinas',Ferramentas em Geral',0.986183287348803
357,"Jardinagem', 'Ferramentas Manuais'","Ferramentas Elétricas e Máquinas', 'Ferramentas em Geral'",0.985868460450232
358,"Ferramentas Manuais', 'Ferramentas Elétricas e Máquinas', 'Auto Elétrica'",EPI',0.985405698027219
359,Lava Jato e Posto',Ferramentas Elétricas e Máquinas',0.985232436807243
360,"Funilaria e Pintura', 'EPI'",Ferramentas Manuais',0.984895486556259
361,"Funilaria e Pintura', 'Ferramentas em Geral', 'Equipamento Auto Center'",Ferramentas Elétricas e Máquinas',0.984837145206375
362,"Jardinagem', 'Ferramentas em Geral', 'Funilaria e Pintura'",Ferramentas Elétricas e Máquinas',0.984701194685261
363,"Ferramentas Manuais', 'Construção Civil'",Ferramentas Elétricas e Máquinas',0.98431475771942
364,"Ferramentas Manuais', 'Equipamento Auto Center', 'Ferramentas Pneumáticas'",Ferramentas em Geral',0.984272940597878
365,"Ferramentas Manuais', 'Ferramentas em Geral', 'Auto Elétrica'",Ferramentas Elétricas e Máquinas',0.984155759046564
366,"Jardinagem', 'Ferramentas Elétricas e Máquinas', 'Ferramentas Pneumáticas'",Ferramentas Manuais',0.983895599489398
367,"Ferramentas em Geral', 'Auto Elétrica'",Ferramentas Elétricas e Máquinas',0.982228052226699
368,"Jardinagem', 'Ferramentas Elétricas e Máquinas', 'Ferramentas Manuais'",EPI',0.981981912485663
369,"Ferramentas Manuais', 'Ferramentas Elétricas e Máquinas', 'Injeção Eletrônica e Motor'",Ferramentas em Geral',0.981613769644496
370,"Ferramentas Elétricas e Máquinas', 'EPI', 'Equipamento Auto Center'",Ferramentas em Geral',0.981549478393632
371,"Jardinagem', 'Ferramentas Elétricas e Máquinas', 'Funilaria e Pintura'",Ferramentas Manuais',0.98141051381881
372,"Ferramentas em Geral', 'Ferramentas Manuais', 'Ferramentas Elétricas e Máquinas', 'Aditivos e Lubrificantes'",EPI',0.981169598800411
373,"EPI', 'Ferramentas Pneumáticas'",Ferramentas em Geral',0.980230289832728
374,"Ferramentas Elétricas e Máquinas', 'EPI'",Ferramentas em Geral',0.979960945902894
375,Para Você e Sua Casa',Ferramentas em Geral',0.977170459296737
376,Ferramentas Manuais',Ferramentas Elétricas e Máquinas',0.977045750883679
377,Ferramentas Elétricas e Máquinas',Ferramentas Manuais',0.977045750883679
378,"Ferramentas em Geral', 'Ferramentas Manuais', 'EPI', 'Equipamento Auto Center'",Ferramentas Elétricas e Máquinas',0.976461221934403
379,"Ferramentas Manuais', 'Ferramentas Pneumáticas'",Ferramentas em Geral',0.974665054497784
380,"Funilaria e Pintura', 'Injeção Eletrônica e Motor'",Ferramentas Elétricas e Máquinas',0.974635007467971
381,"Funilaria e Pintura', 'Ferramentas Pneumáticas'",Ferramentas Elétricas e Máquinas',0.974387531028083
382,"Ferramentas Manuais', 'Ferramentas Automotivas'",EPI',0.974352943894466
383,"Ferramentas Manuais', 'Ferramentas em Geral'",EPI',0.974348265804471
384,"Ferramentas Manuais', 'Ferramentas em Geral', 'Equipamento Auto Center'",EPI',0.973535574806112
385,"Funilaria e Pintura', 'Ferramentas Elétricas e Máquinas', 'EPI'",Ferramentas Manuais',0.973052384724099
386,"Ferramentas Elétricas e Máquinas', 'Ferramentas Automotivas'",Ferramentas em Geral',0.971787567119304
387,"Lava Jato e Posto', 'Ferramentas em Geral'",Ferramentas Manuais',0.971245449352852
388,"Jardinagem', 'Ferramentas Elétricas e Máquinas'",Ferramentas em Geral',0.969860135126621
389,"Jardinagem', 'Ferramentas Elétricas e Máquinas', 'Aditivos e Lubrificantes'",Ferramentas Manuais',0.969779613713737
390,"Jardinagem', 'Aditivos e Lubrificantes'","Ferramentas Elétricas e Máquinas', 'Ferramentas em Geral'",0.969596251256514
391,"Jardinagem', 'Ferramentas Manuais', 'Funilaria e Pintura'",Ferramentas Elétricas e Máquinas',0.969567637349807
392,"Ferramentas em Geral', 'Para Você e Sua Casa'","Ferramentas Manuais', 'Ferramentas Elétricas e Máquinas'",0.96916682568011
393,Aditivos e Lubrificantes',"Ferramentas Manuais', 'Ferramentas Elétricas e Máquinas'",0.969104700145898
394,"Jardinagem', 'EPI'",Ferramentas Manuais',0.969023433585052
395,"Ferramentas Manuais', 'Equipamento Auto Center', 'Ferramentas em Geral', 'Ferramentas Pneumáticas'",Ferramentas Elétricas e Máquinas',0.968985314444492
396,"Equipamento Auto Center', 'Ferramentas Elétricas e Máquinas', 'Ferramentas Pneumáticas'",Ferramentas em Geral',0.968945013963157
397,"Jardinagem', 'Ferramentas Manuais', 'EPI'","Ferramentas Elétricas e Máquinas', 'Ferramentas em Geral'",0.967963485741821
398,"Funilaria e Pintura', 'Aditivos e Lubrificantes', 'EPI'",Ferramentas Elétricas e Máquinas',0.967551904216024
399,"Ferramentas Manuais', 'Lava Jato e Posto'",Ferramentas Elétricas e Máquinas',0.967161919571035
400,"Ferramentas Manuais', 'Equipamento Auto Center', 'Ferramentas Pneumáticas'","Ferramentas Elétricas e Máquinas', 'Ferramentas em Geral'",0.967108282080539
401,"Ferramentas Manuais', 'Aditivos e Lubrificantes', 'Ferramentas em Geral'",EPI',0.966890086768817
402,"Jardinagem', 'Ferramentas em Geral'",EPI',0.965916294533997
403,"EPI', 'Para Você e Sua Casa'",Ferramentas Manuais',0.965863933000278
404,"Ferramentas em Geral', 'EPI'",Ferramentas Elétricas e Máquinas',0.965503246221616
405,"Jardinagem', 'Ferramentas Elétricas e Máquinas', 'Ferramentas em Geral'",EPI',0.965388426292041
406,"Ferramentas Manuais', 'Ferramentas em Geral'",Ferramentas Elétricas e Máquinas',0.964203973751608
407,"Ferramentas Manuais', 'Ferramentas Elétricas e Máquinas', 'Ferramentas em Geral'",EPI',0.964172740344093
408,"Jardinagem', 'Equipamento Auto Center'",EPI',0.962826928424866
409,Construção Civil',Ferramentas Elétricas e Máquinas',0.961984862189464
410,"Ferramentas Manuais', 'Injeção Eletrônica e Motor'",Ferramentas em Geral',0.961981765607431
411,"Ferramentas Manuais', 'Equipamento Auto Center'","Ferramentas Elétricas e Máquinas', 'Ferramentas em Geral'",0.96086805124856
412,"Equipamento Auto Center', 'Ferramentas em Geral', 'Ferramentas Pneumáticas'",Ferramentas Elétricas e Máquinas',0.959429246254704
413,"Ferramentas Manuais', 'EPI', 'Auto Elétrica'",Ferramentas Elétricas e Máquinas',0.959358624041754
414,Lava Jato e Posto',Ferramentas Manuais',0.95904889706149
415,"Ferramentas em Geral', 'EPI', 'Equipamento Auto Center'",Ferramentas Elétricas e Máquinas',0.958135340671342
416,"Ferramentas Elétricas e Máquinas', 'Auto Elétrica'",EPI',0.957728006763898
417,"Ferramentas em Geral', 'Funilaria e Pintura', 'Ferramentas Manuais', 'Aditivos e Lubrificantes'",Ferramentas Elétricas e Máquinas',0.957640024976616
418,Jardinagem',Ferramentas Elétricas e Máquinas',0.957517140637761
419,"Injeção Eletrônica e Motor', 'EPI'",Ferramentas em Geral',0.957389514735278
420,"Ferramentas Elétricas e Máquinas', 'Para Você e Sua Casa'",Ferramentas em Geral',0.956865628941872
421,"Funilaria e Pintura', 'Aditivos e Lubrificantes', 'Ferramentas em Geral'",Ferramentas Elétricas e Máquinas',0.955166447172808
422,"Ferramentas em Geral', 'Ferramentas Manuais', 'EPI'",Ferramentas Elétricas e Máquinas',0.95413438936557
423,"Jardinagem', 'Ferramentas em Geral'","Ferramentas Manuais', 'Ferramentas Elétricas e Máquinas'",0.953704670190157
424,"Jardinagem', 'Ferramentas Elétricas e Máquinas', 'EPI'",Ferramentas Manuais',0.953128306536879
425,Ferramentas Automotivas',Ferramentas Elétricas e Máquinas',0.952116567372947
426,Equipamento Auto Center',Ferramentas Elétricas e Máquinas',0.951173474576549
427,"Ferramentas Manuais', 'Lava Jato e Posto'",Ferramentas em Geral',0.950530218103863
428,"Jardinagem', 'Equipamento Auto Center'","Ferramentas Manuais', 'Ferramentas Elétricas e Máquinas'",0.950482869811043
429,"EPI', 'Ferramentas Automotivas'",Ferramentas Elétricas e Máquinas',0.949775360044075
430,"EPI', 'Auto Elétrica'",Ferramentas Elétricas e Máquinas',0.949719194027734
431,Lava Jato e Posto',"Ferramentas Manuais', 'Ferramentas Elétricas e Máquinas'",0.949347122594368
432,"Funilaria e Pintura', 'Aditivos e Lubrificantes'",Ferramentas Elétricas e Máquinas',0.948884384544299
433,EPI',Ferramentas em Geral',0.948816556834423
434,Ferramentas em Geral',EPI',0.948816556834423
435,"Equipamento Auto Center', 'Ferramentas Automotivas'",Ferramentas Elétricas e Máquinas',0.948643854719898
436,Ferramentas Pneumáticas',"Ferramentas Manuais', 'Ferramentas Elétricas e Máquinas'",0.948290253544342
437,"Ferramentas em Geral', 'Equipamento Auto Center'",Ferramentas Elétricas e Máquinas',0.947835890624284
438,"Jardinagem', 'Equipamento Auto Center'",Ferramentas em Geral',0.947336268383302
439,"Aditivos e Lubrificantes', 'Equipamento Auto Center'","Ferramentas Elétricas e Máquinas', 'Ferramentas em Geral'",0.947004071771692
440,Para Você e Sua Casa',Ferramentas Elétricas e Máquinas',0.946094765432659
441,Jardinagem',Ferramentas Manuais',0.945967765948265
442,"Ferramentas Manuais', 'Ferramentas Elétricas e Máquinas'",EPI',0.945307988190767
443,EPI',"Ferramentas Manuais', 'Ferramentas Elétricas e Máquinas'",0.945307988190767
444,"Ferramentas Elétricas e Máquinas', 'Ferramentas Pneumáticas'",Ferramentas em Geral',0.944655177798062
445,Ferramentas Para Motos',Ferramentas Elétricas e Máquinas',0.943741902098851
446,"Jardinagem', 'Ferramentas Elétricas e Máquinas'",EPI',0.943486273747263
447,"Aditivos e Lubrificantes', 'Ferramentas em Geral', 'Ferramentas Pneumáticas'",Ferramentas Elétricas e Máquinas',0.943483448887267
448,"Ferramentas Manuais', 'Aditivos e Lubrificantes', 'Funilaria e Pintura'",Ferramentas Elétricas e Máquinas',0.943111514362127
449,Auto Peças',Ferramentas Elétricas e Máquinas',0.942942150293528
450,"Ferramentas em Geral', 'Jardinagem', 'Ferramentas Manuais', 'EPI'",Ferramentas Elétricas e Máquinas',0.942649438382466
451,"Equipamento Auto Center', 'EPI', 'Ferramentas Pneumáticas'",Ferramentas Elétricas e Máquinas',0.942150780238992
452,Jardinagem',"Ferramentas Elétricas e Máquinas', 'Ferramentas em Geral'",0.941668466012584
453,"Ferramentas Elétricas e Máquinas', 'Lava Jato e Posto'",Ferramentas em Geral',0.941557949341899
454,"Ferramentas Elétricas e Máquinas', 'Lava Jato e Posto'",Ferramentas Manuais',0.9414586219373
455,"Jardinagem', 'EPI'",Ferramentas em Geral',0.940878581127454
456,"Jardinagem', 'Ferramentas em Geral'",Ferramentas Elétricas e Máquinas',0.940874126732653
457,Lava Jato e Posto',"Ferramentas Elétricas e Máquinas', 'Ferramentas em Geral'",0.940650125312099
458,"Ferramentas em Geral', 'Jardinagem', 'EPI'",Ferramentas Elétricas e Máquinas',0.940359943905435
459,"Ferramentas Manuais', 'Injeção Eletrônica e Motor', 'Equipamento Auto Center'",Ferramentas em Geral',0.940023895066814
460,"Ferramentas Manuais', 'Ferramentas em Geral', 'Equipamento Auto Center'",Ferramentas Elétricas e Máquinas',0.94000910437149
461,"Ferramentas Manuais', 'Equipamento Auto Center'",Ferramentas Elétricas e Máquinas',0.938742586722614
462,Lava Jato e Posto',Ferramentas em Geral',0.938593800262885
463,"Jardinagem', 'Ferramentas Elétricas e Máquinas', 'Equipamento Auto Center'",Ferramentas em Geral',0.938421644393431
464,Ferramentas Automotivas',"Ferramentas Elétricas e Máquinas', 'Ferramentas em Geral'",0.93821813296871
465,"Ferramentas Manuais', 'Aditivos e Lubrificantes', 'Equipamento Auto Center'",EPI',0.937959870073026
466,"Ferramentas Manuais', 'Equipamento Auto Center'",EPI',0.937782882826643
467,"Ferramentas Manuais', 'Ferramentas em Geral', 'Ferramentas Pneumáticas'",Ferramentas Elétricas e Máquinas',0.936894366059622
468,Ferramentas Automotivas',EPI',0.936880823040272
469,Para Você e Sua Casa',Ferramentas Manuais',0.936211545126027
470,"Ferramentas Manuais', 'Ferramentas Automotivas'",Ferramentas Elétricas e Máquinas',0.935083719510788
471,Ferramentas Elétricas e Máquinas',EPI',0.934818340998691
472,EPI',Ferramentas Elétricas e Máquinas',0.934818340998691
473,"Ferramentas Elétricas e Máquinas', 'Ferramentas Automotivas'",EPI',0.934577079649657
474,"Ferramentas em Geral', 'Ferramentas Automotivas'",Ferramentas Elétricas e Máquinas',0.933241553002689
475,"Ferramentas em Geral', 'Ferramentas Pneumáticas'",Ferramentas Elétricas e Máquinas',0.932213670081458
476,"Ferramentas em Geral', 'Injeção Eletrônica e Motor', 'EPI'",Ferramentas Elétricas e Máquinas',0.932032377629532
477,"Ferramentas Manuais', 'Ferramentas em Geral', 'Para Você e Sua Casa'",Ferramentas Elétricas e Máquinas',0.932020337112045
478,"EPI', 'Ferramentas Pneumáticas'",Ferramentas Elétricas e Máquinas',0.931981898361548
479,Lava Jato e Posto',EPI',0.931934923057068
480,Equipamento Auto Center',Ferramentas em Geral',0.93191567227139
481,"Ferramentas Manuais', 'Para Você e Sua Casa'",Ferramentas Elétricas e Máquinas',0.930562998421045
482,"Ferramentas Elétricas e Máquinas', 'Aditivos e Lubrificantes', 'Ferramentas em Geral'",EPI',0.930300341149544
483,"Jardinagem', 'Ferramentas Elétricas e Máquinas', 'Equipamento Auto Center'",EPI',0.929490728872939
484,"Ferramentas Manuais', 'Equipamento Auto Center', 'Ferramentas Automotivas'",Ferramentas Elétricas e Máquinas',0.929086537993368
485,"Ferramentas Elétricas e Máquinas', 'Ferramentas em Geral'",EPI',0.928920087619008
486,EPI',"Ferramentas Elétricas e Máquinas', 'Ferramentas em Geral'",0.928920087619008
487,"Ferramentas Elétricas e Máquinas', 'Equipamento Auto Center'",Ferramentas em Geral',0.928645662251375
488,"Aditivos e Lubrificantes', 'Ferramentas em Geral'",EPI',0.928558877233729
489,"Equipamento Auto Center', 'Para Você e Sua Casa'",Ferramentas Elétricas e Máquinas',0.928367559185468
490,"Jardinagem', 'Ferramentas Manuais'",Ferramentas Elétricas e Máquinas',0.926944398954334
491,"Ferramentas Manuais', 'Ferramentas em Geral', 'Ferramentas Automotivas'",Ferramentas Elétricas e Máquinas',0.926919803251571
492,"Ferramentas em Geral', 'Para Você e Sua Casa'",Ferramentas Elétricas e Máquinas',0.926435663452068
493,"Ferramentas Manuais', 'Ferramentas Pneumáticas'","Ferramentas Elétricas e Máquinas', 'Ferramentas em Geral'",0.925951808419963
494,"Ferramentas Manuais', 'EPI', 'Ferramentas Pneumáticas'",Ferramentas Elétricas e Máquinas',0.925698513957315
495,"Injeção Eletrônica e Motor', 'Ferramentas em Geral', 'Equipamento Auto Center'",Ferramentas Elétricas e Máquinas',0.924380296941293
496,"Jardinagem', 'Ferramentas Manuais', 'Ferramentas em Geral'",Ferramentas Elétricas e Máquinas',0.92384532066013
497,"EPI', 'Equipamento Auto Center'",Ferramentas em Geral',0.923271862941511
498,"Ferramentas Elétricas e Máquinas', 'Ferramentas em Geral', 'Equipamento Auto Center'",EPI',0.922577865642135
499,"Ferramentas Elétricas e Máquinas', 'Injeção Eletrônica e Motor'",Ferramentas em Geral',0.921734075657516
500,Equipamento Auto Center',EPI',0.921205105185812
501,"Ferramentas Elétricas e Máquinas', 'Para Você e Sua Casa'",Ferramentas Manuais',0.920842028113816
502,"Ferramentas Manuais', 'EPI'",Ferramentas Elétricas e Máquinas',0.920240246356986
503,Para Você e Sua Casa',"Ferramentas Elétricas e Máquinas', 'Ferramentas em Geral'",0.917968874932013
504,"Jardinagem', 'Ferramentas Elétricas e Máquinas'",Ferramentas Manuais',0.91576378638303
505,"EPI', 'Aditivos e Lubrificantes', 'Ferramentas em Geral'",Ferramentas Elétricas e Máquinas',0.914659066785548
506,"Aditivos e Lubrificantes', 'Ferramentas em Geral'",Ferramentas Elétricas e Máquinas',0.912946882354751
507,"Ferramentas em Geral', 'Equipamento Auto Center'",EPI',0.91266063971553
508,Aditivos e Lubrificantes',Ferramentas Elétricas e Máquinas',0.912522611556046
509,"Ferramentas Manuais', 'EPI', 'Equipamento Auto Center'",Ferramentas Elétricas e Máquinas',0.911815904555683
510,"Ferramentas Manuais', 'Ferramentas Elétricas e Máquinas', 'Aditivos e Lubrificantes'",EPI',0.911168902740299
511,"Ferramentas Manuais', 'Ferramentas Elétricas e Máquinas', 'Equipamento Auto Center'",EPI',0.910883728591381
512,"Ferramentas em Geral', 'EPI', 'Ferramentas Manuais', 'Aditivos e Lubrificantes'",Ferramentas Elétricas e Máquinas',0.910521405796786
513,Ferramentas Pneumáticas',Ferramentas em Geral',0.910198689485161
514,"Injeção Eletrônica e Motor', 'Ferramentas em Geral'",Ferramentas Elétricas e Máquinas',0.909025598555595
515,"Jardinagem', 'Equipamento Auto Center'",Ferramentas Elétricas e Máquinas',0.907796671204554
516,"Ferramentas Manuais', 'Aditivos e Lubrificantes'",EPI',0.907499091227645
517,"Injeção Eletrônica e Motor', 'EPI'","Ferramentas Elétricas e Máquinas', 'Ferramentas em Geral'",0.904819658965384
518,"Ferramentas Manuais', 'Injeção Eletrônica e Motor', 'Ferramentas em Geral'",Ferramentas Elétricas e Máquinas',0.904707286632589
519,"Lava Jato e Posto', 'EPI'",Ferramentas Elétricas e Máquinas',0.904325740178145
520,"Jardinagem', 'Ferramentas Manuais', 'Equipamento Auto Center'",Ferramentas Elétricas e Máquinas',0.903769152988375
521,"Aditivos e Lubrificantes', 'Ferramentas Pneumáticas'",Ferramentas Elétricas e Máquinas',0.903648476123616
522,"Ferramentas Elétricas e Máquinas', 'Para Você e Sua Casa'",EPI',0.903331623773531
523,"Ferramentas Manuais', 'Equipamento Auto Center', 'Ferramentas Pneumáticas'",Ferramentas Elétricas e Máquinas',0.902163969455097
524,"Equipamento Auto Center', 'Ferramentas Pneumáticas'",Ferramentas em Geral',0.90156340222826
525,"EPI', 'Equipamento Auto Center'",Ferramentas Elétricas e Máquinas',0.901247894685314
526,"Ferramentas Elétricas e Máquinas', 'Injeção Eletrônica e Motor', 'Equipamento Auto Center'",Ferramentas em Geral',0.901205057244538
527,Injeção Eletrônica e Motor',Ferramentas em Geral',0.901169054405825
528,"Ferramentas Manuais', 'Injeção Eletrônica e Motor', 'Ferramentas em Geral'",EPI',0.900907845029972
529,"Aditivos e Lubrificantes', 'EPI'",Ferramentas Elétricas e Máquinas',0.900079665428295
530,"Ferramentas Manuais', 'Injeção Eletrônica e Motor', 'EPI'",Ferramentas Elétricas e Máquinas',0.899373584128837
531,"Jardinagem', 'Ferramentas em Geral', 'Equipamento Auto Center'",Ferramentas Elétricas e Máquinas',0.899254122741951
532,Ferramentas Pneumáticas',Ferramentas Elétricas e Máquinas',0.898210988274156
533,Jardinagem',"Ferramentas Manuais', 'Ferramentas Elétricas e Máquinas'",0.897460043650998
534,"Ferramentas Manuais', 'Aditivos e Lubrificantes', 'Ferramentas em Geral'",Ferramentas Elétricas e Máquinas',0.897270076582147
535,"Jardinagem', 'EPI'","Ferramentas Elétricas e Máquinas', 'Ferramentas em Geral'",0.8971603363401
536,"EPI', 'Equipamento Auto Center'","Ferramentas Elétricas e Máquinas', 'Ferramentas em Geral'",0.897013174204045
537,"Ferramentas em Geral', 'Ferramentas Manuais', 'Aditivos e Lubrificantes', 'Equipamento Auto Center'",Ferramentas Elétricas e Máquinas',0.896726870695068
538,"Ferramentas Manuais', 'Aditivos e Lubrificantes', 'Equipamento Auto Center'",Ferramentas Elétricas e Máquinas',0.896635097979668
539,Equipamento Auto Center',"Ferramentas Elétricas e Máquinas', 'Ferramentas em Geral'",0.89567845302743
540,"Ferramentas Manuais', 'Aditivos e Lubrificantes', 'Ferramentas Pneumáticas'",Ferramentas Elétricas e Máquinas',0.892975831518692
541,"Injeção Eletrônica e Motor', 'EPI'",Ferramentas Elétricas e Máquinas',0.892937419943778
542,"Ferramentas Manuais', 'Aditivos e Lubrificantes', 'EPI'",Ferramentas Elétricas e Máquinas',0.892863687048471
543,"Equipamento Auto Center', 'Ferramentas Pneumáticas'",Ferramentas Elétricas e Máquinas',0.892709372550191
544,Para Você e Sua Casa',"Ferramentas Manuais', 'Ferramentas Elétricas e Máquinas'",0.891671471679728
545,"Jardinagem', 'EPI'",Ferramentas Elétricas e Máquinas',0.891563115575556
546,"Ferramentas Manuais', 'Aditivos e Lubrificantes'",Ferramentas Elétricas e Máquinas',0.889267601374227
547,Injeção Eletrônica e Motor',Ferramentas Elétricas e Máquinas',0.888744119063485
548,"Ferramentas Manuais', 'Ferramentas Pneumáticas'",Ferramentas Elétricas e Máquinas',0.886735255506753
549,"Ferramentas Manuais', 'Injeção Eletrônica e Motor'",Ferramentas Elétricas e Máquinas',0.886613390995851
550,"Ferramentas Manuais', 'Injeção Eletrônica e Motor', 'Equipamento Auto Center'",Ferramentas Elétricas e Máquinas',0.886547558746775
551,"Aditivos e Lubrificantes', 'Equipamento Auto Center'",EPI',0.885971222514399
552,"Ferramentas Manuais', 'Injeção Eletrônica e Motor'","Ferramentas Elétricas e Máquinas', 'Ferramentas em Geral'",0.882505234186661
553,"Jardinagem', 'Ferramentas Pneumáticas'",Ferramentas em Geral',0.882493940936827
554,"Aditivos e Lubrificantes', 'Ferramentas em Geral', 'Equipamento Auto Center'",Ferramentas Elétricas e Máquinas',0.881255659573657
555,"Ferramentas Manuais', 'Injeção Eletrônica e Motor', 'Ferramentas Pneumáticas'",Ferramentas Elétricas e Máquinas',0.881225003411596
556,Aditivos e Lubrificantes',EPI',0.880582799826449
557,"Injeção Eletrônica e Motor', 'Equipamento Auto Center'",Ferramentas Elétricas e Máquinas',0.880213633487497
558,"Aditivos e Lubrificantes', 'Equipamento Auto Center'",Ferramentas Elétricas e Máquinas',0.877911343556259
559,"Equipamento Auto Center', 'Ferramentas Pneumáticas'","Ferramentas Elétricas e Máquinas', 'Ferramentas em Geral'",0.877105003245456
560,"Jardinagem', 'Ferramentas Manuais', 'EPI'",Ferramentas Elétricas e Máquinas',0.876938588962089
561,"Jardinagem', 'EPI', 'Equipamento Auto Center'",Ferramentas Elétricas e Máquinas',0.876365798126088
562,"Jardinagem', 'EPI'","Ferramentas Manuais', 'Ferramentas Elétricas e Máquinas'",0.869738230528821
563,"Ferramentas Manuais', 'Injeção Eletrônica e Motor', 'Aditivos e Lubrificantes'",Ferramentas Elétricas e Máquinas',0.867557457055416
564,"Jardinagem', 'Aditivos e Lubrificantes', 'Ferramentas em Geral'",Ferramentas Elétricas e Máquinas',0.866911527144691
565,"Aditivos e Lubrificantes', 'EPI', 'Equipamento Auto Center'",Ferramentas Elétricas e Máquinas',0.863373201440991
566,"Injeção Eletrônica e Motor', 'Ferramentas Pneumáticas'",Ferramentas Elétricas e Máquinas',0.860685101521535
567,"Jardinagem', 'Aditivos e Lubrificantes'",Ferramentas Elétricas e Máquinas',0.85819657549579
568,"Injeção Eletrônica e Motor', 'Equipamento Auto Center'",Ferramentas em Geral',0.85814570104895
569,"EPI', 'Para Você e Sua Casa'",Ferramentas Elétricas e Máquinas',0.857459532157358
570,"Jardinagem', 'Ferramentas Pneumáticas'","Ferramentas Manuais', 'Ferramentas Elétricas e Máquinas'",0.852268723283912
571,"Injeção Eletrônica e Motor', 'Aditivos e Lubrificantes'",Ferramentas Elétricas e Máquinas',0.852172475262564
572,"Jardinagem', 'Aditivos e Lubrificantes'","Ferramentas Manuais', 'Ferramentas Elétricas e Máquinas'",0.851814301144064
573,"Jardinagem', 'Ferramentas Pneumáticas'",Ferramentas Elétricas e Máquinas',0.846335256634692
574,"Jardinagem', 'Ferramentas Manuais', 'Ferramentas Pneumáticas'",Ferramentas Elétricas e Máquinas',0.842257413022582
575,"Jardinagem', 'Injeção Eletrônica e Motor'",Ferramentas Elétricas e Máquinas',0.828261823319224
576,"Jardinagem', 'Ferramentas Manuais', 'Aditivos e Lubrificantes'",Ferramentas Elétricas e Máquinas',0.826794025621032
